,version,modelYear,km,price,phoneNumber,pro,argus,cheaperThanArgus,latitude,longitude
0,1.2 TCE 120 ZEN EDC,2013.0,16000,11990,,1,16000,1,48.7092979,2.38479
1,1.5 DCI 90 ENERGY S&S BUSINESS ECO2,2014.0,17516,14800,0825809109,1,16100,1,48.8784616,2.7657959
2,1.5 DCI 90 ENERGY S&S BUSINESS ECO2,2014.0,18021,14800,0825809109,1,16100,1,49.00363,2.516978
3,1.5 DCI 90 ENERGY S&S BUSINESS ECO2,2014.0,21754,14500,0825809109,1,16100,1,48.8785618,2.3603689
4,1.5 DCI 90 ENERGY S&S BUSINESS ECO2,2014.0,15269,14800,0825809109,1,16100,1,48.8293647,2.4265406
5,1.5 DCI 90 ENERGY S&S BUSINESS ECO2,2014.0,14697,14800,0652513785,1,16100,1,48.7468342,2.4054748
6,1.5 DCI 90 ENERGY S&S BUSINESS ECO2,2014.0,28670,14200,0825809109,1,16100,1,48.8293647,2.4265406
7,1.5 DCI 90 ENERGY S&S BUSINESS ECO2,2014.0,17370,14800,0825809109,1,16100,1,48.8784616,2.7657959
8,1.5 DCI 90 ENERGY S&S BUSINESS ECO2,2014.0,20026,14500,0781679569,1,16100,1,48.817275,2.2977599
9,1.5 DCI 90 ENERGY S&S BUSINESS ECO2,2013.0,26412,13600,0825809109,1,16100,1,48.892423,2.215331
10,1.5 DCI 90 ENERGY S&S BUSINESS ECO2,2014.0,15069,14800,0825809109,1,16100,1,48.7766463,2.0306592
11,1.5 DCI 90 ENERGY S&S BUSINESS ECO2,2014.0,19247,14800,0825809109,1,16100,1,49.00363,2.516978
12,1.5 DCI 90 ENERGY S&S BUSINESS ECO2,2014.0,11688,14700,0652513785,1,16100,1,48.7468342,2.4054748
13,1.5 DCI 90 ENERGY S&S BUSINESS ECO2,2014.0,20800,14500,0825809109,1,16100,1,49.0331671,2.0547222
14,1.5 DCI 90 ENERGY S&S BUSINESS ECO2,2014.0,28282,14200,0825809109,1,16100,1,49.00363,2.516978
15,1.5 DCI 90 ENERGY S&S BUSINESS ECO2,2013.0,12561,14000,0626671997,1,16100,1,48.7766463,2.0306592
16,1.5 DCI 90 ENERGY S&S BUSINESS ECO2,2014.0,19211,14800,0825809109,1,16100,1,48.941345,2.46436
17,1.5 DCI 90 ENERGY S&S BUSINESS ECO2,2014.0,29060,14400,0155811021,1,16100,1,48.941345,2.46436
18,1.5 DCI 90 ENERGY S&S BUSINESS ECO2,2014.0,15892,14800,0825809109,1,16100,1,49.0331671,2.0547222
19,1.5 DCI 90 ENERGY S&S BUSINESS ECO2,2013.0,23398,13900,0825809109,1,16100,1,48.7468342,2.4054748
20,1.5 DCI 90 ENERGY S&S BUSINESS ECO2,2014.0,14571,14800,0825809109,1,16100,1,48.8785618,2.3603689
21,1.5 DCI 90 ENERGY S&S BUSINESS ECO2,2014.0,15607,14800,0825809109,1,16100,1,48.7766463,2.0306592
22,1.5 DCI 90 ENERGY S&S BUSINESS ECO2,2014.0,19172,14800,0652513785,1,16100,1,48.7468342,2.4054748
23,1.5 DCI 90 ENERGY S&S BUSINESS ECO2,2014.0,16521,14800,0825809109,1,16100,1,49.00363,2.516978
24,1.5 DCI 90 ENERGY S&S BUSINESS ECO2,2014.0,24018,14500,0825809109,1,16100,1,48.904526,2.304768
25,1.5 DCI 90 ENERGY S&S BUSINESS ECO2,2013.0,23289,13900,0825809109,1,16100,1,48.9220615,2.2533313
26,1.5 DCI 90 ENERGY S&S BUSINESS ECO2,2014.0,14000,14800,0825809109,1,16100,1,48.8718722,2.3176432
27,1.5 DCI 90 ENERGY S&S BUSINESS ECO2,2014.0,29246,14200,0825809109,1,16100,1,48.7766463,2.0306592
28,1.5 DCI 90 ENERGY S&S BUSINESS ECO2,2014.0,20966,14500,0825809109,1,16100,1,48.904526,2.304768
29,1.5 DCI 90 ENERGY S&S BUSINESS ECO2,2014.0,16351,14800,0652513785,1,16100,1,48.7468342,2.4054748
30,1.5 DCI 90 ENERGY S&S BUSINESS ECO2,2014.0,13461,14800,0652513785,1,16100,1,48.7468342,2.4054748
31,1.5 DCI 90 ENERGY S&S BUSINESS ECO2,2014.0,18108,14800,0825809109,1,16100,1,48.7766463,2.0306592
32,1.5 DCI 90 ENERGY S&S BUSINESS ECO2,2014.0,16596,15000,0155811021,1,16100,1,48.941345,2.46436
33,1.5 DCI 90 ENERGY S&S BUSINESS ECO2,2013.0,29000,13600,0825809109,1,16100,1,48.908612,2.439712
34,1.5 DCI 90 ENERGY S&S BUSINESS ECO2,2014.0,12409,14800,0825809109,1,16100,1,49.0331671,2.0547222
35,1.5 DCI 90 ENERGY S&S BUSINESS ECO2,2014.0,19707,14800,0825809109,1,16100,1,48.813055,2.38822
36,1.5 DCI 90 ENERGY S&S BUSINESS ECO2,2014.0,12870,14800,0652513785,1,16100,1,48.7468342,2.4054748
37,1.5 DCI 90 INTENS EDC,2014.0,10,20220,0175834788,1,17500,0,48.760344,2.387405
38,1.5 DCI 90 ZEN EDC,2014.0,10,19500,0175834788,1,16200,0,48.760344,2.387405
39,1.5 DCI 90 INTENS EDC,2014.0,8900,17990,,0,17500,0,48.7025751,2.0696133
40,1.5 DCI 90 ENERGY S&S INTENS ECO2,2014.0,10,18990,0974915000,1,17700,0,48.749736,2.459965
41,1.5 DCI 90 ZEN EDC,,1,19990,0476523234,1,16200,0,48.8675641,2.34399
42,1.2 TCE 120 INTENS EDC,2014.0,10,17160,0175834788,1,17800,1,48.760344,2.387405
43,0.9 TCE 90 ENERGY S&S ZEN ECO2,2013.0,16500,14000,,0,14200,1,48.893217,2.287864
44,1.2 TCE 120 INTENS EDC,2013.0,20992,16590,0811708090,1,17800,1,48.792001,2.39851
45,1.5 DCI 90 INTENS EDC,2014.0,5000,18900,,0,17500,0,48.989323,1.714958
46,1.2 TCE 120 INTENS EDC,2014.0,10,20500,0164597186,1,17800,0,48.529171,2.0152549
47,1.5 DCI 90 INTENS EDC,2014.0,4058,18990,0164597186,1,17500,0,48.529171,2.0152549
48,1.5 DCI 90 ENERGY S&S INTENS ECO2,2014.0,1800,20300,,0,17700,0,48.762895,2.075323
49,1.5 DCI 90 INTENS EDC,2014.0,10,18490,0130516539,1,17500,0,48.7623589,1.945326
50,0.9 TCE 90 ENERGY S&S INTENS ECO2,2014.0,10,17490,0130516539,1,15500,0,48.7623589,1.945326
51,1.5 DCI 90 ENERGY S&S INTENS ECO2,2013.0,7933,18490,0811708090,1,17700,0,48.792001,2.39851
52,1.5 DCI 90 ENERGY ARIZONA ECO2,2014.0,5950,17900,,0,17100,0,48.73668,2.180034
53,0.9 TCE 90 ENERGY S&S INTENS ECO2,2014.0,21883,15900,0142836847,1,15500,0,48.821267,2.472043
54,1.2 TCE 120 INTENS EDC,2014.0,10,19640,0184141900,1,17800,0,48.911358,2.8281139
55,1.2 TCE 120 INTENS EDC,2014.0,10,19640,0184141900,1,17800,0,48.911358,2.8281139
56,1.2 TCE 120 INTENS EDC,2014.0,10,19210,0184141900,1,17800,0,48.911358,2.8281139
57,1.2 TCE 120 INTENS EDC,2014.0,4000,18870,0184141900,1,17800,0,48.911358,2.8281139
58,1.2 TCE 120 INTENS EDC,2014.0,10,19640,0184141900,1,17800,0,48.911358,2.8281139
59,1.2 TCE 120 INTENS EDC,2014.0,10,19640,0184141900,1,17800,0,48.911358,2.8281139
60,1.5 DCI 90 INTENS EDC,2014.0,15000,20300,0677372750,1,17500,0,48.877535,2.59016
61,1.5 DCI 90 ENERGY S&S INTENS ECO2,2014.0,9900,19600,0677372750,1,17700,0,48.877535,2.59016
62,1.5 DCI 90 ENERGY S&S ZEN ECO2,2014.0,15000,17800,0677372750,1,16000,0,48.877535,2.59016
63,1.2 TCE 120 INTENS EDC,2014.0,10,19640,0184141900,1,17800,0,48.911358,2.8281139
64,1.2 TCE 120 INTENS EDC,2014.0,10,19640,0184141900,1,17800,0,48.911358,2.8281139
65,1.2 TCE 120 INTENS EDC,2014.0,10,19440,0184141900,1,17800,0,48.911358,2.8281139
66,1.2 TCE 120 ZEN EDC,2013.0,7400,17400,,1,16000,0,48.8138999,2.344688
67,1.2 TCE 120 INTENS EDC,2014.0,7742,18900,0677372750,1,17800,0,48.877535,2.59016
68,1.5 DCI 90 ENERGY S&S INTENS ECO2,2014.0,6999,18900,0677372750,1,17700,0,48.877535,2.59016
69,1.5 DCI 90 ENERGY S&S LIFE ECO2,2014.0,100,16390,0164359001,1,14600,0,48.9514039,3.018301
70,1.5 DCI 90 BUSINESS EDC,2013.0,24200,16980,0164359001,1,17600,1,48.9514039,3.018301
71,1.5 DCI 90 ENERGY S&S INTENS ECO2,2013.0,14900,15900,,1,17700,1,48.6102599,2.474805
72,1.5 DCI 90 INTENS EDC,2014.0,10,19840,0184141900,1,17500,0,48.911358,2.8281139
73,1.5 DCI 90 ZEN EDC,2013.0,9000,16990,,1,16200,0,48.434416,2.16142
74,0.9 TCE 90 ENERGY S&S ZEN ECO2,2014.0,10,17300,0130157765,1,14200,0,48.896391,2.160098
75,1.2 TCE 120 ZEN EDC,2013.0,20500,16300,,0,16000,0,48.611486,2.30604
76,1.5 DCI 90 ENERGY S&S ZEN ECO2,2014.0,3098,17700,0164239675,1,16000,0,48.423454,2.754079
77,1.5 DCI 90 BUSINESS EDC,2014.0,18932,17880,0142531111,1,17600,0,48.816363,2.317384
78,1.5 DCI 90 ENERGY S&S BUSINESS ECO2,2014.0,17670,15990,0144740871,1,16100,1,48.8293647,2.4265406
79,1.5 DCI 90 BUSINESS EDC,2014.0,22880,16790,0174037256,1,17600,1,48.8396952,2.2399123
80,1.2 TCE 120 INTENS EDC,2014.0,10,19372,0141734040,1,17800,0,48.760344,2.387405
81,1.2 TCE 120 INTENS EDC,2013.0,24500,16300,,1,17800,1,48.813071,3.083497
82,1.5 DCI 90 INTENS EDC,2014.0,11,20500,,1,17500,0,48.893217,2.287864
83,0.9 TCE 90 ENERGY S&S INTENS ECO2,2014.0,5576,16500,0144740871,1,15500,0,48.8293647,2.4265406
84,1.2 TCE 120 ZEN EDC,2013.0,12150,15999,0646061008,1,16000,1,48.917402,2.269675
85,0.9 TCE 90 ENERGY S&S ZEN ECO2,2014.0,6700,15790,,0,14200,0,48.80598,2.022188
86,1.2 TCE 120 INTENS EDC,2014.0,7600,18400,,0,17800,0,49.000275,2.09178
87,0.9 TCE 90 ENERGY S&S ZEN ECO2,2014.0,3000,15300,,0,14200,0,48.992181,1.735384
88,1.5 DCI 90 ENERGY S&S INTENS ECO2,2014.0,21780,17480,0139754280,1,17700,1,48.918524,1.96978
89,1.5 DCI 90 ENERGY ARIZONA ECO2,2014.0,7000,16970,0184141900,1,17100,1,48.911358,2.8281139
90,0.9 TCE 90 ENERGY S&S INTENS ECO2,2014.0,1000,17240,0184141900,1,15500,0,48.911358,2.8281139
91,1.5 DCI 90 INTENS EDC,2014.0,5000,18800,,0,17500,0,48.524552,2.388169
92,1.5 DCI 90 ENERGY S&S ZEN ECO2,2014.0,8949,17490,0174037256,1,16000,0,48.8396952,2.2399123
93,1.5 DCI 90 ENERGY S&S ZEN ECO2,2014.0,3631,17990,0174037256,1,16000,0,48.8396952,2.2399123
94,1.5 DCI 90 INTENS EDC,2014.0,10,20202,0175834788,1,17500,0,48.760344,2.387405
95,1.2 TCE 120 ZEN EDC,2014.0,9000,18500,,0,16000,0,49.0331671,2.0547222
96,1.2 TCE 120 ARIZONA EDC,2014.0,4500,17600,,0,17200,0,48.814745,1.863168
97,1.5 DCI 90 INTENS EDC,2014.0,5,19890,0130516539,1,17500,0,48.7623589,1.945326
98,1.5 DCI 90 ENERGY S&S ZEN ECO2,2014.0,9500,17880,0667277157,1,16000,0,48.90852,2.504403
99,0.9 TCE 90 ENERGY S&S INTENS ECO2,2014.0,1519,17900,0160059293,1,15500,0,48.85478,2.628701
100,1.5 DCI 90 ENERGY S&S ZEN ECO2,2014.0,2874,18990,0178769520,1,16000,0,48.9472096,2.2466847
101,1.5 DCI 90 ENERGY S&S ZEN ECO2,2014.0,1,18900,0160059293,1,16000,0,48.85478,2.628701
102,1.5 DCI 90 ENERGY S&S BUSINESS ECO2,2014.0,16728,15990,0144740871,1,16100,1,48.8293647,2.4265406
103,0.9 TCE 90 ENERGY S&S INTENS ECO2,2014.0,6234,15980,0615872883,1,15500,0,48.542105,2.6554
104,1.5 DCI 90 ENERGY S&S ZEN ECO2,2013.0,3365,17900,0146348425,1,16000,0,48.8488576,2.3354223
105,1.5 DCI 90 ENERGY S&S ZEN ECO2,2014.0,11963,16900,0139192136,1,16000,0,49.000275,2.09178
106,1.5 DCI 90 ENERGY S&S INTENS ECO2,2014.0,5396,18390,0174037256,1,17700,0,48.8396952,2.2399123
107,1.5 DCI 90 ENERGY S&S INTENS ECO2,2014.0,2,19380,0139145454,1,17700,0,48.941106,2.158431
108,1.5 DCI 90 ENERGY S&S BUSINESS ECO2,2013.0,16436,16490,0144740871,1,16100,0,48.8293647,2.4265406
109,1.5 DCI 90 ENERGY S&S INTENS ECO2,2014.0,624,18490,0160625056,1,17700,0,48.6912267,2.6103697
110,1.5 DCI 90 ENERGY S&S ZEN ECO2,2014.0,7987,17990,0178455073,1,16000,0,48.8718722,2.3176432
111,1.5 DCI 90 ENERGY S&S INTENS ECO2,2014.0,60,19990,0130502424,1,17700,0,48.750285,1.916261
112,1.5 DCI 90 INTENS EDC,2014.0,10300,18990,,1,17500,0,48.9412151,2.4970711
113,1.5 DCI 90 ARIZONA EDC ECO2,2014.0,3900,19290,,0,18300,0,48.8640493,2.3310526
114,1.2 TCE 120 ZEN EDC,2014.0,3690,18290,0146128847,1,16000,0,48.816363,2.317384
115,1.5 DCI 90 ENERGY S&S LIFE ECO2,2014.0,9500,19190,,1,14600,0,48.992181,1.735384
116,1.5 DCI 90 ENERGY S&S BUSINESS ECO2,2013.0,17280,15880,0139145454,1,16100,1,48.941106,2.158431
117,1.5 DCI 90 INTENS EDC,2014.0,1,20900,0160059293,1,17500,0,48.85478,2.628701
118,1.2 TCE 120 INTENS EDC,2014.0,3500,18900,0143828979,0,17800,0,48.7305769,2.447488
119,1.5 DCI 90 BUSINESS EDC,2013.0,15898,16990,0174730257,1,17600,1,48.894533,2.40963
120,1.5 DCI 90 ENERGY S&S ZEN ECO2,2014.0,19700,16990,0624782138,1,16000,0,49.050966,2.100645
121,0.9 TCE 90 ENERGY S&S ZEN ECO2,2014.0,10,16890,0160625056,1,14200,0,48.6912267,2.6103697
122,1.5 DCI 90 INTENS EDC,2014.0,1300,18400,,0,17500,0,48.566131,2.17112
123,1.5 DCI 90 ZEN EDC,2014.0,7,18990,0141734040,1,16200,0,48.760344,2.387405
124,1.5 DCI 90 INTENS EDC,2014.0,10,19640,0184141900,1,17500,0,48.911358,2.8281139
125,1.5 DCI 90 BUSINESS EDC,2013.0,13799,14500,0169936710,1,17600,1,48.730756,2.27137
126,1.5 DCI 90 ENERGY ARIZONA ECO2,2014.0,10,19640,0184141900,1,17100,0,48.911358,2.8281139
127,1.5 DCI 90 ENERGY S&S INTENS ECO2,2014.0,9367,18290,0146128847,1,17700,0,48.816363,2.317384
128,1.2 TCE 120 INTENS EDC,2014.0,3500,18500,,0,17800,0,48.865263,1.794903
129,1.5 DCI 90 ENERGY S&S ZEN ECO2,2013.0,25295,14980,0811708090,1,16000,1,48.790367,2.455572
130,1.5 DCI 90 INTENS EDC,2014.0,2,19870,0139145454,1,17500,0,48.941106,2.158431
131,0.9 TCE 90 ENERGY S&S LIFE ECO2,2013.0,14958,14900,0160059293,1,12700,0,48.85478,2.628701
132,1.5 DCI 90 INTENS EDC,2014.0,50,20490,0174076006,1,17500,0,48.857993,2.381153
133,1.5 DCI 90 INTENS EDC,2014.0,10,19770,0184141900,1,17500,0,48.911358,2.8281139
134,1.5 DCI 90 ENERGY S&S INTENS ECO2,2014.0,2410,19490,0160926972,1,17700,0,48.6792779,2.16647
135,0.9 TCE 90 ENERGY S&S INTENS ECO2,2014.0,7,17550,0175448164,1,15500,0,48.757205,2.326243
136,1.5 DCI 90 INTENS EDC,2014.0,10,19770,0184141900,1,17500,0,48.911358,2.8281139
137,1.5 DCI 90 ENERGY S&S INTENS ECO2,2014.0,10,19990,0628537072,1,17700,0,48.882174,2.076817
138,1.5 DCI 90 ENERGY S&S INTENS ECO2,2014.0,10,19990,0628537072,1,17700,0,48.882174,2.076817
139,1.5 DCI 90 BUSINESS EDC,2013.0,19420,15890,0142531111,1,17600,1,48.816363,2.317384
140,1.5 DCI 90 BUSINESS EDC,2014.0,13396,16690,0142531111,1,17600,1,48.816363,2.317384
141,1.5 DCI 90 INTENS EDC,2013.0,6400,18000,0130952909,0,17500,0,48.9591319,1.855891
142,1.5 DCI 90 INTENS EDC,2014.0,10,18490,0130516539,1,17500,0,48.7623589,1.945326
143,1.5 DCI 90 INTENS EDC,2013.0,8500,17500,,0,17500,0,48.978154,1.713371
144,1.5 DCI 90 ENERGY S&S INTENS ECO2,2014.0,16349,18290,0160926972,1,17700,0,48.6792779,2.16647
145,1.5 DCI 90 ENERGY S&S LIFE ECO2,2014.0,10,16990,0983484648,1,14600,0,48.799815,2.257289
146,1.5 DCI 90 BUSINESS EDC,2013.0,16289,16690,0174730257,1,17600,1,48.894533,2.40963
147,0.9 TCE 90 ENERGY S&S ZEN ECO2,2014.0,6000,15500,,0,14200,0,48.817223,1.949075
148,1.5 DCI 90 ENERGY S&S INTENS ECO2,2014.0,10,19990,0667277157,1,17700,0,48.90852,2.504403
149,1.5 DCI 90 INTENS EDC,2014.0,7350,19690,0178455073,1,17500,0,48.8718722,2.3176432
150,1.2 TCE 120 INTENS EDC,2013.0,11400,17490,0174076006,1,17800,1,48.857993,2.381153
151,1.5 DCI 90 ZEN EDC,2013.0,23000,16900,,0,16200,0,49.136089,2.2350979
152,1.5 DCI 90 INTENS EDC,2013.0,7500,16950,,0,17500,1,48.967085,1.933828
153,1.2 TCE 120 ZEN EDC,2014.0,15000,17500,,0,16000,0,48.763827,2.671739
154,0.9 TCE 90 ENERGY S&S ZEN ECO2,2014.0,8576,15450,0175448164,1,14200,0,48.757205,2.326243
155,1.5 DCI 90 INTENS EDC,2014.0,5500,20300,,0,17500,0,48.7604611,2.0436886
156,1.2 TCE 120 ZEN EDC,2013.0,23000,16000,,0,16000,0,48.98543,2.619156
157,1.5 DCI 90 ENERGY S&S BUSINESS ECO2,2013.0,34608,14900,0169754933,1,16100,1,48.6792779,2.16647
158,1.5 DCI 90 ENERGY S&S ZEN ECO2,2013.0,35243,13990,0161123085,1,16000,1,48.776731,2.001844
159,1.5 DCI 90 INTENS EDC,2014.0,2,20780,0139145454,1,17500,0,48.941106,2.158431
160,1.5 DCI 90 BUSINESS EDC,2014.0,19414,16990,0615872883,1,17600,1,48.542105,2.6554
161,1.5 DCI 90 BUSINESS EDC,2013.0,21100,16290,0139316439,1,17600,1,49.015751,2.191521
162,1.5 DCI 90 INTENS EDC,2013.0,11440,19450,0156837400,1,17500,0,48.892423,2.215331
163,1.5 DCI 90 ENERGY S&S ZEN ECO2,2014.0,7200,17290,0174037256,1,16000,0,48.8396952,2.2399123
164,1.5 DCI 90 ENERGY S&S ZEN ECO2,2014.0,1000,17390,0811708090,1,16000,0,48.790367,2.455572
165,1.5 DCI 90 ENERGY S&S INTENS ECO2,2013.0,3256,18490,0811708090,1,17700,0,48.792001,2.39851
166,1.5 DCI 90 ENERGY S&S BUSINESS ECO2,2014.0,19980,16890,0148763773,1,16100,0,48.851542,2.475907
167,1.5 DCI 90 ENERGY S&S INTENS ECO2,2013.0,7933,18490,0811708090,1,17700,0,48.792001,2.39851
168,1.5 DCI 90 ENERGY S&S BUSINESS ECO2,2014.0,19092,16890,0148763773,1,16100,0,48.851542,2.475907
169,0.9 TCE 90 ENERGY S&S INTENS ECO2,2014.0,1500,17990,0628537072,1,15500,0,48.882174,2.076817
170,1.5 DCI 90 BUSINESS EDC,2014.0,8500,18290,0811708090,1,17600,0,48.790367,2.455572
171,1.5 DCI 90 BUSINESS EDC,2013.0,26145,15380,0142531111,1,17600,1,48.816363,2.317384
172,1.5 DCI 90 BUSINESS EDC,2013.0,20987,15850,0142531111,1,17600,1,48.816363,2.317384
173,1.5 DCI 90 ENERGY S&S INTENS ECO2,2013.0,34808,16890,0139192136,1,17700,1,49.000275,2.09178
174,1.5 DCI 90 ENERGY S&S ZEN ECO2,2014.0,8634,17290,0146128847,1,16000,0,48.816363,2.317384
175,1.5 DCI 90 BUSINESS EDC,2014.0,22119,15670,0142531111,1,17600,1,48.816363,2.317384
176,1.5 DCI 90 BUSINESS EDC,2014.0,9508,16880,0142531111,1,17600,1,48.816363,2.317384
177,1.5 DCI 90 BUSINESS EDC,2013.0,20248,15850,0142531111,1,17600,1,48.816363,2.317384
178,1.5 DCI 90 BUSINESS EDC,2013.0,25972,15750,0142531111,1,17600,1,48.816363,2.317384
179,1.5 DCI 90 BUSINESS EDC,2013.0,20272,15850,0142531111,1,17600,1,48.816363,2.317384
180,1.5 DCI 90 ENERGY S&S INTENS ECO2,2014.0,6825,17800,0183616192,1,17700,0,48.9562018,2.8884657
181,1.5 DCI 90 ENERGY S&S ZEN ECO2,2014.0,18718,16900,0160059293,1,16000,0,48.85478,2.628701
182,1.5 DCI 90 ENERGY S&S INTENS ECO2,2013.0,6900,19900,0609715599,1,17700,0,48.950507,3.130059
183,1.2 TCE 120 INTENS EDC,2014.0,5000,18400,,0,17800,0,48.789808,1.601126
184,1.5 DCI 90 ENERGY S&S INTENS ECO2,2014.0,1,17490,0175951008,1,17700,1,48.880777,2.110156
185,1.5 DCI 90 BUSINESS EDC,2013.0,30560,13900,0169936710,1,17600,1,48.730756,2.27137
186,1.5 DCI 90 ENERGY S&S INTENS ECO2,2013.0,21000,15900,,0,17700,1,48.9994379,2.9188892
187,1.5 DCI 90 ENERGY S&S INTENS ECO2,2014.0,1,17490,0175951008,1,17700,1,48.880777,2.110156
188,1.5 DCI 90 ENERGY S&S INTENS ECO2,2014.0,10,17490,0175951008,1,17700,1,48.880777,2.110156
189,1.5 DCI 90 INTENS EDC,2014.0,2,20780,0139145454,1,17500,0,48.941106,2.158431
190,1.5 DCI 90 ENERGY S&S ZEN ECO2,2014.0,10506,17490,0160059293,1,16000,0,48.85478,2.628701
191,1.5 DCI 90 BUSINESS EDC,2013.0,29723,14850,0142531111,1,17600,1,48.816363,2.317384
192,1.5 DCI 90 BUSINESS EDC,2013.0,8090,16985,0139754280,1,17600,1,48.918524,1.96978
193,0.9 TCE 90 ENERGY S&S INTENS ECO2,2014.0,9500,14990,,1,15500,1,48.7980422,2.4800862
194,1.5 DCI 90 ZEN EDC,2014.0,10,18511,0175834788,1,16200,0,48.760344,2.387405
195,1.5 DCI 90 INTENS EDC,2014.0,10,20202,0175834788,1,17500,0,48.760344,2.387405
196,1.5 DCI 90 ENERGY S&S INTENS ECO2,2014.0,100,19850,0143240835,1,17700,0,48.841386,2.504038
197,0.9 TCE 90 ENERGY S&S INTENS ECO2,2014.0,100,17990,0143240835,1,15500,0,48.841386,2.504038
198,0.9 TCE 90 ENERGY S&S INTENS ECO2,2014.0,100,17990,0143240835,1,15500,0,48.841386,2.504038
199,1.5 DCI 90 ENERGY S&S BUSINESS ECO2,2013.0,21500,16500,0652165632,0,16100,0,48.9220615,2.2533313
200,1.5 DCI 90 INTENS EDC,2014.0,3880,20300,0659956206,0,17500,0,48.8301019,2.005269
201,1.5 DCI 90 INTENS EDC,2014.0,10,19990,0160657097,1,17500,0,48.526605,2.571664
202,1.5 DCI 90 ENERGY S&S ZEN ECO2,2014.0,2198,18900,0160059293,1,16000,0,48.85478,2.628701
203,1.5 DCI 90 ZEN EDC,2014.0,2244,19690,0160059293,1,16200,0,48.85478,2.628701
204,1.5 DCI 90 ENERGY S&S ZEN ECO2,2014.0,4896,17190,0156837400,1,16000,0,48.892423,2.215331
205,1.5 DCI 90 ENERGY S&S INTENS ECO2,2013.0,10771,17900,0130157765,1,17700,0,48.896391,2.160098
206,1.5 DCI 90 INTENS EDC,2014.0,4500,20490,0160625056,1,17500,0,48.6912267,2.6103697
207,1.5 DCI 90 ENERGY S&S INTENS ECO2,2014.0,8995,18980,0160625056,1,17700,0,48.6912267,2.6103697
208,1.5 DCI 90 BUSINESS EDC,2013.0,21050,16890,0139754280,1,17600,1,48.918524,1.96978
209,1.5 DCI 90 ENERGY S&S ZEN ECO2,2014.0,8360,17790,0178455073,1,16000,0,48.8718722,2.3176432
210,1.5 DCI 90 INTENS EDC,2014.0,10,20220,0175834788,1,17500,0,48.760344,2.387405
211,0.9 TCE 90 ENERGY S&S INTENS ECO2,2014.0,5250,17490,0178455073,1,15500,0,48.8718722,2.3176432
212,1.5 DCI 90 ENERGY S&S INTENS ECO2,2013.0,15,17900,0148941616,1,17700,0,48.886727,2.505069
213,0.9 TCE 90 ENERGY S&S INTENS ECO2,2014.0,10,17022,0175834788,1,15500,0,48.760344,2.387405
214,1.5 DCI 90 INTENS EDC,2014.0,10,19390,0175834788,1,17500,0,48.760344,2.387405
215,1.5 DCI 90 ZEN EDC,2014.0,10,18042,0175834788,1,16200,0,48.760344,2.387405
216,1.2 TCE 120 INTENS EDC,2014.0,10,18150,0175834788,1,17800,0,48.760344,2.387405
217,1.2 TCE 120 ZEN EDC,2013.0,18500,17730,,0,16000,0,49.130715,2.293932
218,1.5 DCI 90 ZEN EDC,2014.0,10,17820,0175834788,1,16200,0,48.760344,2.387405
219,1.5 DCI 90 INTENS EDC,2014.0,10,18264,0175834788,1,17500,0,48.760344,2.387405
220,0.9 TCE 90 ENERGY S&S INTENS ECO2,2014.0,30,16900,,0,15500,0,48.93897,2.538716
221,1.5 DCI 90 ENERGY S&S BUSINESS ECO2,2013.0,19900,15880,0139145454,1,16100,1,48.941106,2.158431
222,0.9 TCE 90 ENERGY S&S LIFE ECO2,2013.0,1320,14990,0139316439,1,12700,0,49.015751,2.191521
223,1.5 DCI 90 ENERGY S&S ZEN ECO2,2014.0,8860,16900,0139316439,1,16000,0,49.015751,2.191521
224,1.5 DCI 90 BUSINESS EDC,2013.0,9360,16900,0139316439,1,17600,1,49.015751,2.191521
225,1.2 TCE 120 INTENS EDC,2013.0,6950,18300,,0,17800,0,48.759255,2.302553
226,1.5 DCI 90 BUSINESS EDC,2013.0,17431,16980,0615872883,1,17600,1,48.542105,2.6554
227,1.2 TCE 120 INTENS EDC,2013.0,10131,18490,0160059293,1,17800,0,48.85478,2.628701
228,0.9 TCE 90 ENERGY ARIZONA ECO2,2014.0,10,16970,0184141900,1,16100,0,48.911358,2.8281139
229,1.5 DCI 90 INTENS EDC,2014.0,221,19990,0160657097,1,17500,0,48.526605,2.571664
230,1.5 DCI 90 INTENS EDC,2014.0,17421,18680,0160625056,1,17500,0,48.6912267,2.6103697
231,1.2 TCE 120 ZEN EDC,2014.0,9,18900,0160059293,1,16000,0,48.85478,2.628701
232,1.5 DCI 90 INTENS EDC,2014.0,6500,18500,,0,17500,0,48.991435,1.809326
233,1.5 DCI 90 ENERGY S&S INTENS ECO2,2014.0,185,19590,0130282837,1,17700,0,49.152233,2.269571
234,1.5 DCI 90 ENERGY S&S ZEN ECO2,2013.0,18978,15790,0178769520,1,16000,1,48.9472096,2.2466847
235,1.5 DCI 90 ENERGY S&S ZEN ECO2,2014.0,23788,15990,0175448164,1,16000,1,48.757205,2.326243
236,1.5 DCI 90 ENERGY S&S INTENS ECO2,2014.0,20411,18200,,0,17700,0,48.82342,1.976374
237,1.5 DCI 90 ENERGY S&S LIFE ECO2,2014.0,1000,16500,,0,14600,0,48.900552,2.25929
238,0.9 TCE 90 ENERGY S&S INTENS ECO2,2013.0,15500,15500,,0,15500,0,48.936181,2.357443
239,1.5 DCI 90 INTENS EDC,2014.0,10,19182,0175834788,1,17500,0,48.760344,2.387405
240,1.5 DCI 90 BUSINESS EDC,2013.0,29177,14880,0169340404,1,17600,1,48.6964029,2.236654
241,1.2 TCE 120 INTENS EDC,2014.0,10,18852,0175834788,1,17800,0,48.760344,2.387405
242,0.9 TCE 90 ENERGY ARIZONA ECO2,2013.0,7800,16300,,0,16100,0,48.857993,2.381153
243,1.5 DCI 90 ENERGY S&S ZEN ECO2,2013.0,41494,13900,0161123085,1,16000,1,48.776731,2.001844
244,1.5 DCI 90 ENERGY S&S ZEN ECO2,2013.0,37929,13990,0161123085,1,16000,1,48.776731,2.001844
245,1.5 DCI 90 BUSINESS EDC,2013.0,19852,16990,0174076006,1,17600,1,48.857993,2.381153
246,1.2 TCE 120 ZEN EDC,2013.0,10000,16550,,0,16000,0,48.720171,2.461891
247,1.5 DCI 90 ENERGY S&S ZEN ECO2,2013.0,40375,13990,0161123085,1,16000,1,48.776731,2.001844
248,1.5 DCI 90 ENERGY S&S INTENS ECO2,2013.0,8800,16800,,0,17700,1,48.693052,2.515825
249,1.5 DCI 90 ENERGY S&S ZEN ECO2,2014.0,3863,17890,0174076006,1,16000,0,48.857993,2.381153
250,1.5 DCI 90 INTENS EDC,2014.0,2100,16200,0684848220,0,17500,1,48.643868,1.829079
251,1.5 DCI 90 BUSINESS EDC,2013.0,18805,16490,0174076006,1,17600,1,48.857993,2.381153
252,1.2 TCE 120 ZEN EDC,2014.0,19000,19000,,0,16000,0,48.782907,1.960077
253,1.5 DCI 90 ENERGY S&S INTENS ECO2,2014.0,10,18600,,1,17700,0,48.893217,2.287864
254,1.5 DCI 90 BUSINESS EDC,2014.0,19199,16980,0615872883,1,17600,1,48.542105,2.6554
255,1.5 DCI 90 ENERGY S&S ZEN ECO2,2014.0,3457,16990,0175448151,1,16000,0,48.801408,2.130122
256,1.5 DCI 90 ENERGY S&S INTENS ECO2,2014.0,170,19590,0130282836,1,17700,0,49.152233,2.269571
257,0.9 TCE 90 ENERGY S&S ZEN ECO2,2014.0,5385,17200,0160059293,1,14200,0,48.85478,2.628701
258,1.5 DCI 90 INTENS EDC,2014.0,3080,18990,0160926972,1,17500,0,48.6792779,2.16647
259,1.5 DCI 90 ENERGY S&S ZEN ECO2,2014.0,10,16900,0175448151,1,16000,0,48.801408,2.130122
260,1.5 DCI 90 ENERGY S&S ZEN ECO2,2014.0,5780,17890,0178455073,1,16000,0,48.8718722,2.3176432
261,0.9 TCE 90 ENERGY S&S LIFE ECO2,2014.0,10,14800,0140709104,1,12700,0,48.8727631,2.272776
262,1.5 DCI 90 INTENS EDC,2013.0,12500,17000,,0,17500,1,48.875661,2.485932
263,1.5 DCI 90 ZEN EDC,2014.0,10,17900,,1,16200,0,43.439236,-1.590062
264,1.5 DCI 90 ENERGY S&S LIFE ECO2,2014.0,19993,16795,,1,14600,0,44.853806,0.483392
265,1.5 DCI 90 INTENS EDC,2013.0,11000,20490,0557215831,1,17500,0,44.8448769,-0.656358
266,1.5 DCI 90 ENERGY S&S BUSINESS ECO2,2014.0,24353,14500,0825809109,1,16100,1,44.8448769,-0.656358
267,1.5 DCI 90 ENERGY S&S BUSINESS ECO2,2014.0,18013,15000,0698288701,1,16100,1,44.8448769,-0.656358
268,1.5 DCI 90 ENERGY S&S BUSINESS ECO2,2014.0,19520,14800,0825809109,1,16100,1,44.8448769,-0.656358
269,1.5 DCI 90 ENERGY S&S BUSINESS ECO2,2014.0,18144,15000,0559331638,1,16100,1,43.399259,-0.432582
270,1.5 DCI 90 ENERGY S&S BUSINESS ECO2,2014.0,22000,15200,0608559898,1,16100,1,44.8448769,-0.656358
271,1.5 DCI 90 ENERGY S&S INTENS ECO2,2014.0,10,19390,0582848237,1,17700,0,44.880163,-0.523108
272,1.5 DCI 90 ENERGY S&S INTENS ECO2,2014.0,10,19390,0582848237,1,17700,0,44.880163,-0.523108
273,1.5 DCI 90 ENERGY S&S INTENS ECO2,2014.0,10,19390,0582848237,1,17700,0,44.880163,-0.523108
274,1.5 DCI 90 ENERGY S&S INTENS ECO2,2014.0,10,19390,0582848237,1,17700,0,44.880163,-0.523108
275,1.5 DCI 90 ENERGY S&S INTENS ECO2,2014.0,10,19490,0553684931,1,17700,0,44.1749628,0.6441101
276,1.5 DCI 90 ENERGY S&S INTENS ECO2,2014.0,10,18990,0582848237,1,17700,0,44.880163,-0.523108
277,1.5 DCI 90 ENERGY ARIZONA ECO2,2013.0,38000,15500,,0,17100,1,45.037085,0.364299
278,1.5 DCI 90 ENERGY S&S INTENS ECO2,2014.0,10,19490,0553684931,1,17700,0,44.1749628,0.6441101
279,1.5 DCI 90 ENERGY S&S INTENS ECO2,2014.0,11000,18290,0582848237,1,17700,0,44.880163,-0.523108
280,1.2 TCE 120 ZEN EDC,2013.0,9500,17500,0553668949,0,16000,0,44.2035321,0.6251541
281,1.5 DCI 90 ENERGY S&S ZEN ECO2,2014.0,20850,15990,0558055326,1,16000,1,43.759137,-0.574221
282,0.9 TCE 90 ENERGY ARIZONA ECO2,2013.0,17000,13490,0559049559,1,16100,1,43.2951,-0.370797
283,1.5 DCI 90 BUSINESS EDC,2013.0,14768,16990,0556120000,1,17600,1,44.8448769,-0.656358
284,1.5 DCI 90 ENERGY S&S INTENS ECO2,2014.0,23739,18590,0524449118,1,17700,0,43.893485,-0.499782
285,1.5 DCI 90 INTENS EDC,2014.0,10,19490,,1,17500,0,44.214076,0.484675
286,1.5 DCI 90 ZEN EDC,2013.0,11000,15900,0558977101,1,16200,1,43.751052,-0.748762
287,1.5 DCI 90 ENERGY S&S INTENS ECO2,2014.0,16157,18500,0531081450,1,17700,0,44.80583,-0.630386
288,1.5 DCI 90 ENERGY S&S INTENS ECO2,2014.0,10,19990,,1,17700,0,44.8772685,-0.554149
289,0.9 TCE 90 ENERGY S&S ZEN ECO2,2013.0,14000,14990,,1,14200,0,43.439236,-1.590062
290,1.5 DCI 90 ENERGY S&S INTENS ECO2,2014.0,16000,17000,,0,17700,1,44.163863,-1.0328679
291,0.9 TCE 90 ENERGY S&S INTENS ECO2,2014.0,3140,17490,0531081574,1,15500,0,44.865164,-0.59944
292,1.5 DCI 90 ENERGY S&S INTENS ECO2,2013.0,21778,17490,0540017303,1,17700,1,43.492949,-1.474841
293,0.9 TCE 90 ENERGY ARIZONA ECO2,2014.0,12500,16500,,0,16100,0,44.635606,-1.0208759
294,1.5 DCI 90 ENERGY S&S INTENS ECO2,2014.0,3576,17795,0553636565,1,17700,0,44.853806,0.483392
295,0.9 TCE 90 ENERGY ARIZONA ECO2,2014.0,10,17290,,1,16100,0,43.439236,-1.590062
296,1.2 TCE 120 ZEN EDC,2013.0,8700,15900,,0,16000,1,44.80583,-0.630386
297,1.5 DCI 90 ENERGY S&S INTENS ECO2,2013.0,27000,16500,0553356415,1,17700,1,45.184029,0.7211149
298,1.5 DCI 90 BUSINESS EDC,2013.0,29383,16500,0531081450,1,17600,1,44.80583,-0.630386
299,1.5 DCI 90 BUSINESS EDC,2013.0,20750,16490,0531081576,1,17600,1,44.880163,-0.523108
300,0.9 TCE 90 ENERGY ARIZONA ECO2,2013.0,63000,14500,0669093874,1,16100,1,44.8448769,-0.656358
301,1.5 DCI 90 INTENS EDC,2013.0,21500,18290,,1,17500,0,44.3946602,-1.164218
302,1.5 DCI 90 INTENS EDC,2014.0,8900,19490,,1,17500,0,44.3946602,-1.164218
303,1.5 DCI 90 BUSINESS EDC,2014.0,13360,17200,,1,17600,1,45.015554,-0.379659
304,1.2 TCE 120 ZEN EDC,2014.0,18000,16590,,1,16000,0,43.368262,-0.620552
305,1.5 DCI 90 ENERGY S&S INTENS ECO2,2014.0,10,19290,0556225600,1,17700,0,44.5628136,-1.1929114
306,1.5 DCI 90 ENERGY S&S INTENS ECO2,2014.0,4633,18490,0540017303,1,17700,0,43.492949,-1.474841
307,1.5 DCI 90 BUSINESS EDC,2014.0,19734,17595,0553636565,1,17600,1,44.853806,0.483392
308,0.9 TCE 90 ENERGY S&S INTENS ECO2,2014.0,17897,17490,0557525270,1,15500,0,44.5628136,-1.1929114
309,1.5 DCI 90 BUSINESS EDC,2014.0,20116,16800,0634905428,1,17600,1,45.196131,0.77911
310,1.2 TCE 120 ZEN EDC,2014.0,5,18990,,1,16000,0,43.724934,-1.051409
311,1.5 DCI 90 INTENS EDC,2013.0,28830,15990,0625496653,1,17500,1,43.637844,-1.420939
312,1.5 DCI 90 INTENS EDC,2014.0,10,18950,0556987750,1,17500,0,44.873167,-0.677914
313,1.5 DCI 90 ENERGY S&S ZEN ECO2,2014.0,12377,16890,0524449118,1,16000,0,43.893485,-0.499782
314,1.5 DCI 90 ENERGY S&S ZEN ECO2,2013.0,10541,15900,0531081450,1,16000,1,44.80583,-0.630386
315,1.5 DCI 90 ENERGY S&S INTENS ECO2,2014.0,20,18690,0557818910,1,17700,0,44.8350088,-0.587269
316,1.5 DCI 90 ENERGY S&S BUSINESS ECO2,2014.0,16492,16990,0558784350,1,16100,0,44.35262,-1.0729979
317,1.5 DCI 90 ENERGY S&S INTENS ECO2,2014.0,10,18990,0582848036,1,17700,0,43.708608,-1.051945
318,1.5 DCI 90 ENERGY S&S INTENS ECO2,2013.0,10,18950,0535372089,1,17700,0,43.492949,-1.474841
319,1.5 DCI 90 ENERGY S&S ZEN ECO2,2014.0,17400,17490,0556132965,1,16000,0,44.8448769,-0.656358
320,1.5 DCI 90 ENERGY S&S ZEN ECO2,2014.0,11470,16690,0556634469,1,16000,0,44.555419,-0.245126
321,1.5 DCI 90 BUSINESS EDC,2014.0,19070,16590,0556634469,1,17600,1,44.555419,-0.245126
322,1.2 TCE 120 ZEN EDC,2014.0,5496,16991,0531081576,1,16000,0,44.880163,-0.523108
323,1.5 DCI 90 BUSINESS EDC,2014.0,19459,16490,0524449901,1,17600,1,43.708608,-1.051945
324,1.5 DCI 90 BUSINESS EDC,2014.0,8650,17900,0547200024,1,17600,0,43.2951,-0.370797
325,1.5 DCI 90 ENERGY S&S ZEN ECO2,2014.0,4580,17890,0531081574,1,16000,0,44.865164,-0.59944
326,1.5 DCI 90 INTENS EDC,2014.0,17000,19400,,0,17500,0,44.844028,0.210809
327,0.9 TCE 90 ENERGY S&S INTENS ECO2,2013.0,13000,14200,0686415358,0,15500,1,43.359399,-1.766148
328,1.5 DCI 90 ENERGY ARIZONA ECO2,2014.0,19993,16795,0553636565,1,17100,1,44.853806,0.483392
329,1.5 DCI 90 ENERGY S&S ZEN ECO2,2014.0,7535,17990,0531081640,1,16000,0,44.7799813,-0.5672574
330,1.5 DCI 90 ENERGY S&S ZEN ECO2,2013.0,13500,16190,,0,16000,0,44.727859,-0.59709
331,1.2 TCE 120 ZEN EDC,2014.0,770,18590,0531081576,1,16000,0,44.880163,-0.523108
332,1.5 DCI 90 ENERGY S&S INTENS ECO2,2014.0,10683,18500,0531081450,1,17700,0,44.80583,-0.630386
333,1.5 DCI 90 ENERGY S&S INTENS ECO2,2013.0,25997,16990,0559387915,1,17700,1,43.48756,-0.7739279
334,1.5 DCI 90 ENERGY S&S ZEN ECO2,2014.0,16768,16500,0531081450,1,16000,0,44.80583,-0.630386
335,1.5 DCI 90 ENERGY S&S ZEN ECO2,2014.0,50,18790,,1,16000,0,43.4669359,-1.415368
336,1.5 DCI 90 INTENS EDC,2014.0,1190,19500,0559028670,1,17500,0,43.2951,-0.370797
337,1.5 DCI 90 BUSINESS EDC,2013.0,24896,15500,0547200024,1,17600,1,43.2951,-0.370797
338,1.5 DCI 90 ENERGY S&S INTENS ECO2,2014.0,19500,18490,0524449901,1,17700,0,43.708608,-1.051945
339,1.5 DCI 90 BUSINESS EDC,2014.0,21000,17990,0524449901,1,17600,0,43.708608,-1.051945
340,1.5 DCI 90 ENERGY S&S INTENS ECO2,2014.0,18500,18490,0524449901,1,17700,0,43.708608,-1.051945
341,1.5 DCI 90 INTENS EDC,2014.0,6703,19800,0634905428,1,17500,0,45.196131,0.77911
342,1.5 DCI 90 ENERGY S&S INTENS ECO2,2014.0,14300,17490,,1,17700,1,44.743536,-1.102449
343,1.5 DCI 90 INTENS EDC,2014.0,1,18490,0676528245,1,17500,0,44.8448769,-0.656358
344,1.2 TCE 120 INTENS EDC,2013.0,16670,17500,0531081516,1,17800,1,43.194413,-0.605292
345,1.5 DCI 90 ENERGY S&S INTENS ECO2,2014.0,12839,17890,0531081574,1,17700,0,44.865164,-0.59944
346,1.5 DCI 90 ENERGY S&S INTENS ECO2,2014.0,22747,17890,0531081574,1,17700,0,44.865164,-0.59944
347,1.5 DCI 90 BUSINESS EDC,2014.0,20320,17300,0531081516,1,17600,1,43.194413,-0.605292
348,1.5 DCI 90 ENERGY S&S INTENS ECO2,2014.0,18193,17890,0531081574,1,17700,0,44.865164,-0.59944
349,0.9 TCE 90 ENERGY S&S INTENS ECO2,2014.0,14763,17590,0531081574,1,15500,0,44.865164,-0.59944
350,1.5 DCI 90 INTENS EDC,2014.0,20,18990,0682651460,1,17500,0,43.893485,-0.499782
351,1.2 TCE 120 ZEN EDC,2014.0,11000,17880,,1,16000,0,44.565289,-0.226334
352,1.5 DCI 90 ENERGY S&S INTENS ECO2,2014.0,14417,18500,0531081450,1,17700,0,44.80583,-0.630386
353,1.5 DCI 90 ENERGY S&S INTENS ECO2,2014.0,15640,18500,0531081450,1,17700,0,44.80583,-0.630386
354,1.5 DCI 90 ENERGY S&S INTENS ECO2,2014.0,18403,17891,0531081576,1,17700,0,44.880163,-0.523108
355,1.5 DCI 90 BUSINESS EDC,2014.0,9118,17390,0531081576,1,17600,1,44.880163,-0.523108
356,1.5 DCI 90 ENERGY S&S ZEN ECO2,2013.0,22849,15990,0547200024,1,16000,1,43.2951,-0.370797
357,1.5 DCI 90 ENERGY S&S INTENS ECO2,2014.0,7100,18000,,0,17700,0,44.916735,-0.4271
358,1.5 DCI 90 INTENS EDC,2013.0,7300,19700,,1,17500,0,44.730741,0.607473
359,1.5 DCI 90 ENERGY S&S INTENS ECO2,2014.0,15688,17400,0634905428,1,17700,1,45.196131,0.77911
360,1.5 DCI 90 ENERGY S&S ZEN ECO2,2014.0,6999,16990,0524449901,1,16000,0,43.708608,-1.051945
361,1.5 DCI 90 ENERGY S&S INTENS ECO2,2014.0,14082,17400,0634905428,1,17700,1,45.196131,0.77911
362,1.5 DCI 90 INTENS EDC,2014.0,10,19990,0558859191,1,17500,0,43.893485,-0.499782
363,1.5 DCI 90 ENERGY S&S INTENS ECO2,2013.0,25000,18000,,0,17700,0,45.515125,-1.123258
364,1.5 DCI 90 BUSINESS EDC,2014.0,9418,17790,0531081576,1,17600,0,44.880163,-0.523108
365,1.5 DCI 90 ENERGY S&S INTENS ECO2,2014.0,5,19990,0558784350,1,17700,0,44.35262,-1.0729979
366,1.5 DCI 90 INTENS EDC,2014.0,23,19290,0559598585,1,17500,0,43.492949,-1.474841
367,1.5 DCI 90 ENERGY S&S INTENS ECO2,2014.0,3023,19595,0553636565,1,17700,0,44.853806,0.483392
368,1.5 DCI 90 ENERGY ARIZONA ECO2,2014.0,1,18200,,1,17100,0,43.3584189,-0.0466559
369,1.5 DCI 90 ZEN EDC,2014.0,3900,17990,0556410095,1,16200,0,45.305814,-0.93519
370,1.5 DCI 90 INTENS EDC,2013.0,11270,17990,0559028670,1,17500,0,43.2951,-0.370797
371,1.5 DCI 90 ENERGY S&S ZEN ECO2,2013.0,12729,16800,0557244071,1,16000,0,44.912998,-0.243985
372,1.5 DCI 90 BUSINESS EDC,2013.0,20288,16590,0524449118,1,17600,1,43.893485,-0.499782
373,0.9 TCE 90 ENERGY S&S ZEN ECO2,2014.0,10,16950,0557818910,1,14200,0,44.8350088,-0.587269
374,1.5 DCI 90 ENERGY S&S INTENS ECO2,2014.0,15000,19500,,0,17700,0,45.121311,0.71385
375,1.5 DCI 90 ENERGY S&S INTENS ECO2,2014.0,18503,17395,0553636565,1,17700,1,44.853806,0.483392
376,1.5 DCI 90 BUSINESS EDC,2013.0,21881,15490,0531081576,1,17600,1,44.880163,-0.523108
377,1.5 DCI 90 ENERGY S&S INTENS ECO2,2013.0,26409,16900,0634905428,1,17700,1,45.196131,0.77911
378,1.5 DCI 90 ZEN EDC,2014.0,1550,18490,0540017303,1,16200,0,43.492949,-1.474841
379,1.5 DCI 90 INTENS EDC,2013.0,8000,16500,,0,17500,1,44.852067,-0.043008
380,1.5 DCI 90 BUSINESS EDC,2013.0,25230,16900,0553401774,1,17600,1,44.4082053,0.7072568
381,1.2 TCE 120 ZEN EDC,2013.0,18500,15990,0557818910,1,16000,1,44.8350088,-0.587269
382,1.5 DCI 90 ENERGY S&S INTENS ECO2,2014.0,11565,18290,0531081574,1,17700,0,44.865164,-0.59944
383,1.5 DCI 90 BUSINESS EDC,2013.0,21263,15990,0531081640,1,17600,1,44.7799813,-0.5672574
384,1.5 DCI 90 INTENS EDC,2014.0,13000,17800,0677287675,0,17500,0,44.2035321,0.6251541
385,1.5 DCI 90 ENERGY S&S INTENS ECO2,2014.0,10,17990,0611648631,1,17700,0,43.481402,-1.514699
386,1.5 DCI 90 ENERGY S&S ZEN ECO2,2014.0,6923,17500,0531081450,1,16000,0,44.80583,-0.630386
387,1.5 DCI 90 BUSINESS EDC,2013.0,24127,16500,0531081450,1,17600,1,44.80583,-0.630386
388,1.5 DCI 90 BUSINESS EDC,2013.0,23752,16500,0531081450,1,17600,1,44.80583,-0.630386
389,1.5 DCI 90 ENERGY S&S INTENS ECO2,2014.0,14351,18500,0531081450,1,17700,0,44.80583,-0.630386
390,1.5 DCI 90 ENERGY S&S ZEN ECO2,2013.0,37241,15900,0531081450,1,16000,1,44.80583,-0.630386
391,1.5 DCI 90 ENERGY S&S BUSINESS ECO2,2013.0,32020,14990,0625982919,1,16100,1,43.9591489,4.863831
392,1.5 DCI 90 ENERGY S&S BUSINESS ECO2,2014.0,6002,14800,0825809109,1,16100,1,43.5338335,5.509247
393,1.5 DCI 90 ENERGY S&S INTENS ECO2,2014.0,10000,19300,0486802083,1,17700,0,43.458598,5.249703
394,1.5 DCI 90 ENERGY S&S BUSINESS ECO2,2014.0,14735,14800,0825809109,1,16100,1,43.6960355,7.2655896
395,1.5 DCI 90 ENERGY S&S BUSINESS ECO2,2014.0,17560,14800,0825809109,1,16100,1,43.6877482,7.2113605
396,1.5 DCI 90 ENERGY S&S BUSINESS ECO2,2014.0,18352,14800,0825809109,1,16100,1,43.107465,6.1314928
397,1.5 DCI 90 ENERGY S&S BUSINESS ECO2,2014.0,17858,14800,0825809109,1,16100,1,43.6960355,7.2655896
398,1.5 DCI 90 ENERGY S&S BUSINESS ECO2,2014.0,11888,14800,0825809109,1,16100,1,43.6960355,7.2655896
399,1.5 DCI 90 ENERGY S&S BUSINESS ECO2,2014.0,13055,14800,0825809109,1,16100,1,43.300771,5.3821768
400,1.5 DCI 90 ENERGY S&S BUSINESS ECO2,2014.0,17078,14800,0825809109,1,16100,1,43.4212739,5.218332
401,1.5 DCI 90 ENERGY S&S BUSINESS ECO2,2014.0,16046,14800,0825809109,1,16100,1,43.107465,6.1314928
402,1.5 DCI 90 ENERGY S&S BUSINESS ECO2,2014.0,10773,14800,0825809109,1,16100,1,43.6960355,7.2655896
403,1.5 DCI 90 ENERGY S&S BUSINESS ECO2,2013.0,25313,13400,0686038342,1,16100,1,43.5338335,5.509247
404,1.5 DCI 90 ENERGY S&S BUSINESS ECO2,2014.0,20078,14500,0825809109,1,16100,1,43.4212739,5.218332
405,1.5 DCI 90 ENERGY S&S BUSINESS ECO2,2014.0,15948,14800,0675010042,1,16100,1,43.5338335,5.509247
406,1.5 DCI 90 ENERGY S&S BUSINESS ECO2,2014.0,10241,14800,0825809109,1,16100,1,43.4212739,5.218332
407,1.5 DCI 90 ENERGY S&S BUSINESS ECO2,2014.0,17147,14800,0825809109,1,16100,1,43.6960355,7.2655896
408,1.5 DCI 90 ENERGY S&S BUSINESS ECO2,2013.0,20087,13900,0825809109,1,16100,1,43.4212739,5.218332
409,1.5 DCI 90 ENERGY S&S BUSINESS ECO2,2014.0,13268,14800,0825809109,1,16100,1,43.6960355,7.2655896
410,1.5 DCI 90 ENERGY S&S BUSINESS ECO2,2013.0,22466,13700,0825809109,1,16100,1,43.5338335,5.509247
411,1.5 DCI 90 ENERGY S&S BUSINESS ECO2,2014.0,11841,14800,0825809109,1,16100,1,43.300771,5.3821768
412,1.5 DCI 90 ENERGY S&S BUSINESS ECO2,2014.0,9545,14800,0825809109,1,16100,1,43.6960355,7.2655896
413,1.5 DCI 90 ENERGY S&S BUSINESS ECO2,2014.0,16816,14800,0825809109,1,16100,1,43.5603151,7.0337141
414,1.5 DCI 90 ENERGY S&S BUSINESS ECO2,2014.0,19206,14800,0825809109,1,16100,1,43.5338335,5.509247
415,1.5 DCI 90 ENERGY S&S BUSINESS ECO2,2014.0,15998,14800,0825809109,1,16100,1,43.107465,6.1314928
416,1.5 DCI 90 ENERGY S&S BUSINESS ECO2,2014.0,11200,14800,0825809109,1,16100,1,43.6877482,7.2113605
417,1.5 DCI 90 ENERGY S&S BUSINESS ECO2,2014.0,19000,14800,0825809109,1,16100,1,43.1146883,5.9488975
418,1.5 DCI 90 ENERGY S&S BUSINESS ECO2,2014.0,15798,14800,0825809109,1,16100,1,43.8366045,5.0407814
419,1.5 DCI 90 ENERGY S&S BUSINESS ECO2,2014.0,18155,14800,0825809109,1,16100,1,43.5603151,7.0337141
420,1.5 DCI 90 ENERGY S&S BUSINESS ECO2,2014.0,17190,14800,0825809109,1,16100,1,43.6960355,7.2655896
421,1.5 DCI 90 ENERGY S&S BUSINESS ECO2,2014.0,16357,14800,0825809109,1,16100,1,43.4212739,5.218332
422,1.5 DCI 90 ENERGY S&S BUSINESS ECO2,2014.0,13785,14800,0825809109,1,16100,1,43.6960355,7.2655896
423,1.5 DCI 90 ENERGY S&S INTENS ECO2,2014.0,10,18990,0974915000,1,17700,0,43.588896,5.002136
424,1.5 DCI 90 INTENS EDC,2014.0,5,18990,0494197103,1,17500,0,43.435857,6.6317461
425,1.5 DCI 90 INTENS EDC,2013.0,14600,16900,,0,17500,1,43.102976,5.878219
426,1.5 DCI 90 ZEN EDC,,1,19990,0476523234,1,16200,0,43.5338335,5.509247
427,1.5 DCI 90 ENERGY S&S BUSINESS ECO2,2014.0,19076,17490,0811708090,1,16100,0,43.5388336,5.4044268
428,1.5 DCI 90 BUSINESS EDC,2013.0,19327,15490,0490188023,1,17600,1,43.6017739,4.6243751
429,1.2 TCE 120 ZEN EDC,2013.0,13000,16990,,1,16000,0,43.3071618,5.4253757
430,1.2 TCE 120 INTENS EDC,2013.0,12020,16900,0658360606,1,17800,1,43.107465,6.1314928
431,1.5 DCI 90 ZEN EDC,2013.0,10,20200,0811708090,1,16200,0,43.5388336,5.4044268
432,0.9 TCE 90 ENERGY S&S ZEN ECO2,2013.0,16209,14990,0811708090,1,14200,0,43.9470042,4.8209596
433,1.5 DCI 90 INTENS EDC,2013.0,23000,17000,,0,17500,1,43.107465,6.1314928
434,0.9 TCE 90 ENERGY S&S ZEN ECO2,2014.0,10,16990,0422170093,1,14200,0,43.663739,7.14882
435,1.5 DCI 90 ENERGY S&S INTENS ECO2,2014.0,10,20990,0422170093,1,17700,0,43.663739,7.14882
436,1.5 DCI 90 ZEN EDC,2013.0,19500,15800,,1,16200,1,43.107465,6.1314928
437,1.5 DCI 90 ENERGY S&S INTENS ECO2,2014.0,9950,19500,,0,17700,0,43.1146883,5.9488975
438,1.2 TCE 120 ZEN EDC,2013.0,26000,15900,,0,16000,1,43.221502,5.634811
439,1.5 DCI 90 ENERGY S&S INTENS ECO2,2014.0,4363,19900,0422170107,1,17700,0,43.5603151,7.0337141
440,1.5 DCI 90 INTENS EDC,2014.0,5,18490,0494673050,1,17500,0,43.5377269,6.464993
441,1.5 DCI 90 ENERGY S&S ZEN ECO2,2014.0,5026,17490,0422170093,1,16000,0,43.663739,7.14882
442,1.5 DCI 90 ZEN EDC,2014.0,9,19500,0422170181,1,16200,0,43.13824,5.9875844
443,1.5 DCI 90 INTENS EDC,2014.0,4689,19790,0608929780,1,17500,0,43.4212739,5.218332
444,1.5 DCI 90 ENERGY S&S ZEN ECO2,2014.0,17147,16890,0608929780,1,16000,0,43.4212739,5.218332
445,1.5 DCI 90 BUSINESS EDC,2014.0,19239,16990,0613920082,1,17600,1,43.458598,5.249703
446,1.5 DCI 90 ENERGY S&S INTENS ECO2,2014.0,3251,18800,0422170107,1,17700,0,43.5603151,7.0337141
447,1.5 DCI 90 ZEN EDC,2013.0,22000,16100,0615065363,0,16200,1,43.558086,5.251238
448,1.5 DCI 90 ENERGY S&S INTENS ECO2,2014.0,11,18900,0422170191,1,17700,0,43.2926781,5.5676425
449,1.5 DCI 90 ENERGY S&S INTENS ECO2,2013.0,23000,15900,,0,17700,1,44.428499,5.714984
450,1.5 DCI 90 ZEN EDC,2014.0,10891,18990,0628436660,1,16200,0,44.559638,6.079758
451,1.2 TCE 120 INTENS EDC,2013.0,16769,18400,0422170181,1,17800,0,43.13824,5.9875844
452,1.5 DCI 90 BUSINESS EDC,2013.0,25155,16200,0422170191,1,17600,1,43.2926781,5.5676425
453,1.5 DCI 90 ENERGY S&S ZEN ECO2,2014.0,6012,17600,0422170107,1,16000,0,43.5603151,7.0337141
454,1.5 DCI 90 BUSINESS EDC,2014.0,16527,16990,0422170093,1,17600,1,43.663739,7.14882
455,1.5 DCI 90 INTENS EDC,2014.0,5,18490,0494673050,1,17500,0,43.5377269,6.464993
456,1.2 TCE 120 INTENS EDC,2014.0,5,19590,0494197103,1,17800,0,43.435857,6.6317461
457,1.5 DCI 90 ENERGY S&S ZEN ECO2,2013.0,40849,14700,0422170199,1,16000,1,43.25424,5.3819969
458,1.5 DCI 90 ENERGY S&S ZEN ECO2,2014.0,3985,17900,0422170107,1,16000,0,43.5603151,7.0337141
459,1.5 DCI 90 ENERGY S&S ZEN ECO2,2014.0,3640,17900,0422170107,1,16000,0,43.5603151,7.0337141
460,1.2 TCE 120 INTENS EDC,2013.0,9954,17400,0492533452,1,17800,1,44.559638,6.079758
461,1.5 DCI 90 ENERGY S&S INTENS ECO2,2013.0,13576,17990,0608929780,1,17700,0,43.4212739,5.218332
462,1.5 DCI 90 BUSINESS EDC,2013.0,23259,16490,0490188023,1,17600,1,43.6017739,4.6243751
463,1.5 DCI 90 ENERGY S&S ZEN ECO2,2013.0,29632,15990,0628436660,1,16000,1,43.835744,5.790916
464,1.5 DCI 90 INTENS EDC,2013.0,28000,17990,,0,17500,0,43.898503,4.803017
465,0.9 TCE 90 ENERGY S&S ZEN ECO2,2013.0,9500,14990,0486877981,1,14200,0,43.9470042,4.8209596
466,1.5 DCI 90 ENERGY S&S INTENS ECO2,2014.0,10000,18000,,0,17700,0,43.433152,6.737034
467,1.5 DCI 90 INTENS EDC,2014.0,10,19780,,1,17500,0,43.376874,5.605345
468,1.5 DCI 90 ENERGY S&S ZEN ECO2,2013.0,11900,16900,0624646507,1,16000,0,43.9470042,4.8209596
469,1.2 TCE 120 ZEN EDC,2014.0,1222,19900,0669509220,1,16000,0,43.433152,6.737034
470,1.5 DCI 90 ENERGY S&S INTENS ECO2,2014.0,300,19990,0625620029,1,17700,0,43.598546,5.4847245
471,1.5 DCI 90 ENERGY ARIZONA ECO2,2014.0,9548,16500,0640226880,1,17100,1,44.0555639,5.048722
472,1.5 DCI 90 ENERGY S&S INTENS ECO2,2013.0,19279,16990,0634239821,1,17700,1,44.280508,4.748966
473,1.5 DCI 90 BUSINESS EDC,2013.0,9739,16100,0634239821,1,17600,1,44.280508,4.748966
474,1.5 DCI 90 ENERGY S&S INTENS ECO2,2013.0,26808,16900,0422170107,1,17700,1,43.5603151,7.0337141
475,1.5 DCI 90 ENERGY ARIZONA ECO2,2013.0,29000,14900,,0,17100,1,43.452497,5.864004
476,0.9 TCE 90 ENERGY S&S INTENS ECO2,2014.0,10,16700,0607135149,1,15500,0,44.1380989,4.807511
477,1.5 DCI 90 ENERGY S&S ZEN ECO2,2014.0,5219,17900,0422170107,1,16000,0,43.5603151,7.0337141
478,1.5 DCI 90 ENERGY S&S ZEN ECO2,2014.0,18670,16990,0490786363,1,16000,0,43.8366045,5.0407814
479,1.5 DCI 90 ENERGY S&S ZEN ECO2,2014.0,8210,17490,0422170093,1,16000,0,43.663739,7.14882
480,1.5 DCI 90 ENERGY S&S ZEN ECO2,2014.0,5470,17900,0490421313,1,16000,0,43.640199,5.097022
481,1.5 DCI 90 ENERGY S&S ZEN ECO2,2014.0,4733,18300,0422170107,1,16000,0,43.5603151,7.0337141
482,1.5 DCI 90 ZEN EDC,2013.0,22900,15990,,1,16200,1,43.5388336,5.4044268
483,1.5 DCI 90 ENERGY S&S LIFE ECO2,2013.0,40860,15290,,1,14600,0,43.5990157,7.1036396
484,1.5 DCI 90 BUSINESS EDC,2014.0,18507,17490,0490786363,1,17600,1,43.8366045,5.0407814
485,1.5 DCI 90 BUSINESS EDC,2014.0,11852,17990,0490188023,1,17600,0,43.6017739,4.6243751
486,1.5 DCI 90 ZEN EDC,2014.0,10,18900,0664169951,1,16200,0,43.404811,5.053728
487,1.5 DCI 90 ENERGY S&S INTENS ECO2,2014.0,18637,18500,0490421313,1,17700,0,43.640199,5.097022
488,1.5 DCI 90 ENERGY S&S INTENS ECO2,2014.0,10,19900,0486802083,1,17700,0,43.458598,5.249703
489,1.5 DCI 90 ENERGY S&S INTENS ECO2,2014.0,10,18990,0608929780,1,17700,0,43.4212739,5.218332
490,1.5 DCI 90 INTENS EDC,2013.0,9800,15500,,0,17500,1,43.300771,5.3821768
491,1.5 DCI 90 ENERGY S&S BUSINESS ECO2,2013.0,17913,16200,,0,16100,0,43.173653,5.605155
492,1.5 DCI 90 ENERGY S&S ZEN ECO2,2014.0,4535,17800,0422170191,1,16000,0,43.2926781,5.5676425
493,1.5 DCI 90 INTENS EDC,2014.0,2400,20900,0442405353,1,17500,0,43.405449,4.985931
494,1.5 DCI 90 INTENS EDC,2014.0,4500,19200,0652694408,0,17500,0,43.429668,5.434833
495,1.5 DCI 90 INTENS EDC,2013.0,28000,14500,,0,17500,1,43.624076,6.694103
496,1.2 TCE 120 ZEN EDC,2013.0,7450,16500,0682177533,1,16000,0,43.102976,5.878219
497,1.5 DCI 90 ENERGY S&S ZEN ECO2,2013.0,41573,14990,0486877981,1,16000,1,43.9470042,4.8209596
498,0.9 TCE 90 ENERGY S&S INTENS ECO2,2014.0,1674,16990,0608929780,1,15500,0,43.4212739,5.218332
499,1.5 DCI 90 BUSINESS EDC,2013.0,20500,16990,0422170093,1,17600,1,43.663739,7.14882
500,0.9 TCE 90 ENERGY S&S INTENS ECO2,2013.0,24060,15900,0442949596,1,15500,0,43.4525982,5.4717363
501,1.5 DCI 90 ENERGY S&S BUSINESS ECO2,2013.0,24600,15790,0625982919,1,16100,1,43.9591489,4.863831
502,1.5 DCI 90 BUSINESS EDC,2013.0,21174,15900,0612103931,1,17600,1,44.1380989,4.807511
503,1.5 DCI 90 BUSINESS EDC,2013.0,19485,16800,0422170107,1,17600,1,43.5603151,7.0337141
504,1.5 DCI 90 ENERGY S&S ZEN ECO2,2013.0,29757,15490,0442952895,1,16000,1,43.5388336,5.4044268
505,1.5 DCI 90 ENERGY S&S LIFE ECO2,2014.0,18625,16990,,1,14600,0,43.5990157,7.1036396
506,1.5 DCI 90 ENERGY S&S INTENS ECO2,2013.0,19372,17490,0494370125,1,17700,1,43.40655,6.061187
507,1.5 DCI 90 ENERGY S&S ZEN ECO2,2013.0,3795,17400,0490351460,1,16000,0,44.383724,4.989187
508,1.5 DCI 90 ZEN EDC,2013.0,10000,17000,,0,16200,0,43.5388336,5.4044268
509,1.2 TCE 120 INTENS EDC,2013.0,28000,17500,,0,17800,1,43.550669,5.034508
510,1.5 DCI 90 BUSINESS EDC,2013.0,11003,17900,0422170181,1,17600,0,43.13824,5.9875844
511,1.5 DCI 90 ENERGY S&S INTENS ECO2,2013.0,13500,17990,0628436660,1,17700,0,43.835744,5.790916
512,0.9 TCE 90 ENERGY S&S ZEN ECO2,2014.0,8254,15990,0628436660,1,14200,0,43.835744,5.790916
513,1.5 DCI 90 BUSINESS EDC,2013.0,17904,17700,0422170181,1,17600,0,43.13824,5.9875844
514,1.5 DCI 90 ENERGY S&S ZEN ECO2,2013.0,13998,16490,0628436660,1,16000,0,43.835744,5.790916
515,1.5 DCI 90 INTENS EDC,2013.0,30000,16900,,0,17500,1,43.329229,6.045799
516,1.2 TCE 120 ZEN EDC,2014.0,16800,15850,,1,16000,1,43.6877482,7.2113605
517,1.5 DCI 90 INTENS EDC,2013.0,9600,17500,,0,17500,0,43.300771,5.3821768
518,0.9 TCE 90 ENERGY S&S ZEN ECO2,2013.0,11058,14990,0687808813,1,14200,0,43.5377269,6.464993
519,0.9 TCE 90 ENERGY S&S ZEN ECO2,2013.0,3895,14900,0422106388,1,14200,0,43.6023319,7.006491
520,1.2 TCE 120 ZEN EDC,2013.0,11225,15990,0669509220,1,16000,1,43.433152,6.737034
521,1.5 DCI 90 INTENS EDC,2013.0,40000,16000,,0,17500,1,43.746982,5.313601
522,1.2 TCE 120 ZEN EDC,2014.0,3962,16890,0608929780,1,16000,0,43.4212739,5.218332
523,1.5 DCI 90 ENERGY S&S ZEN ECO2,2014.0,5109,18290,0422170107,1,16000,0,43.5603151,7.0337141
524,1.5 DCI 90 ZEN EDC,2014.0,10,16990,,1,16200,0,43.591912,5.126824
525,1.5 DCI 90 ENERGY S&S ZEN ECO2,2014.0,5541,17899,0422170107,1,16000,0,43.5603151,7.0337141
526,0.9 TCE 90 ENERGY S&S ZEN ECO2,2014.0,4994,13900,0489613187,1,14200,1,43.6877482,7.2113605
527,1.5 DCI 90 BUSINESS EDC,2014.0,7092,17900,0486877981,1,17600,0,43.9470042,4.8209596
528,0.9 TCE 90 ENERGY S&S INTENS ECO2,2014.0,11136,15990,0613920082,1,15500,0,43.458598,5.249703
529,0.9 TCE 90 ENERGY S&S ZEN ECO2,2013.0,5486,14990,0628436660,1,14200,0,43.835744,5.790916
530,0.9 TCE 90 ENERGY S&S INTENS ECO2,2014.0,18303,15990,0490188023,1,15500,0,43.6017739,4.6243751
531,1.2 TCE 120 ZEN EDC,2013.0,24500,14800,,0,16000,1,43.2731832,5.4306141
532,0.9 TCE 90 ENERGY S&S INTENS ECO2,2014.0,2719,16490,0687808813,1,15500,0,43.5377269,6.464993
533,1.5 DCI 90 INTENS EDC,2014.0,10,18790,0494034780,1,17500,0,43.128777,6.017199
534,1.5 DCI 90 ZEN EDC,2014.0,3497,19490,0422170093,1,16200,0,43.663739,7.14882
535,1.5 DCI 90 BUSINESS EDC,2013.0,29361,16490,0422170107,1,17600,1,43.5603151,7.0337141
536,1.5 DCI 90 ENERGY S&S BUSINESS ECO2,2014.0,20598,17490,0811708090,1,16100,0,43.5388336,5.4044268
537,1.5 DCI 90 ENERGY S&S ZEN ECO2,2014.0,18566,17890,0811708090,1,16000,0,43.5388336,5.4044268
538,0.9 TCE 90 ENERGY S&S ZEN ECO2,2013.0,3333,15150,0811708090,1,14200,0,43.5388336,5.4044268
539,1.2 TCE 120 INTENS EDC,2014.0,10,19790,0811708090,1,17800,0,43.5388336,5.4044268
540,1.5 DCI 90 ZEN EDC,2013.0,10,20200,0811708090,1,16200,0,43.5388336,5.4044268
541,1.5 DCI 90 BUSINESS EDC,2014.0,8900,17990,0486877981,1,17600,0,43.9470042,4.8209596
542,1.5 DCI 90 ENERGY S&S INTENS ECO2,2014.0,13306,17990,0607135149,1,17700,0,44.1380989,4.807511
543,1.5 DCI 90 INTENS EDC,2013.0,17300,17300,,0,17500,1,43.4745483,4.9143239
544,1.5 DCI 90 INTENS EDC,2013.0,32000,16900,,0,17500,1,43.5377269,6.464993
545,1.5 DCI 90 ENERGY S&S BUSINESS ECO2,2013.0,25746,16990,0494370125,1,16100,0,43.40655,6.061187
546,1.5 DCI 90 ENERGY S&S INTENS ECO2,2014.0,5,19900,0683688779,1,17700,0,43.102976,5.878219
547,0.9 TCE 90 ENERGY S&S ZEN ECO2,2014.0,10,16900,0490066262,1,14200,0,43.8366045,5.0407814
548,1.5 DCI 90 ENERGY S&S ZEN ECO2,2013.0,23143,16490,0628436660,1,16000,0,43.835744,5.790916
549,1.5 DCI 90 BUSINESS EDC,2013.0,19612,16900,0422170107,1,17600,1,43.5603151,7.0337141
550,1.5 DCI 90 BUSINESS EDC,2014.0,20394,16900,0490421313,1,17600,1,43.640199,5.097022
551,1.5 DCI 90 ZEN EDC,2014.0,2000,8500,,1,16200,1,43.835465,4.944566
552,1.5 DCI 90 ENERGY S&S INTENS ECO2,2014.0,12758,17490,0494370125,1,17700,1,43.40655,6.061187
553,1.5 DCI 90 ENERGY S&S BUSINESS ECO2,2013.0,27000,15500,,0,16100,1,43.3753856,5.305023
554,0.9 TCE 90 ENERGY S&S INTENS ECO2,2013.0,7846,16000,,1,15500,0,43.128777,6.017199
555,1.5 DCI 90 BUSINESS EDC,2014.0,22786,16990,0422170093,1,17600,1,43.663739,7.14882
556,1.5 DCI 90 INTENS EDC,2014.0,10,22490,0651782729,1,17500,0,43.5603151,7.0337141
557,1.5 DCI 90 INTENS EDC,2014.0,7455,19790,0608929780,1,17500,0,43.4212739,5.218332
558,1.2 TCE 120 ZEN EDC,2014.0,1500,19950,,0,16000,0,43.806044,4.65752
559,1.2 TCE 120 ZEN EDC,2014.0,2500,19200,,0,16000,0,43.138042,6.368436
560,1.5 DCI 90 ENERGY S&S INTENS ECO2,2014.0,5,19900,0683688779,1,17700,0,43.102976,5.878219
561,1.5 DCI 90 ZEN EDC,2013.0,39748,3900,,1,16200,1,43.487871,5.23463
562,1.5 DCI 90 BUSINESS EDC,2014.0,8000,17500,,0,17600,1,43.576551,7.01902
563,1.5 DCI 90 ENERGY S&S INTENS ECO2,2014.0,10,21500,0490064814,1,17700,0,43.8366045,5.0407814
564,1.5 DCI 90 ZEN EDC,2014.0,9000,18000,,0,16200,0,43.2848916,5.4882679
565,1.5 DCI 90 BUSINESS EDC,2013.0,25000,14600,,0,17600,1,43.690787,5.908374
566,1.5 DCI 90 ENERGY S&S INTENS ECO2,2013.0,10100,19900,,0,17700,0,43.3649321,5.4253757
567,1.5 DCI 90 INTENS EDC,2014.0,8500,16990,,1,17500,1,43.394509,6.3132339
568,1.5 DCI 90 ENERGY S&S INTENS ECO2,2014.0,173,21500,0620230666,1,17700,0,43.9280929,4.886974
569,1.2 TCE 120 INTENS EDC,2014.0,208,20500,,0,17800,0,43.6960355,7.2655896
570,1.5 DCI 90 ENERGY S&S INTENS ECO2,2014.0,2,19680,0699359964,1,17700,0,43.6877482,7.2113605
571,1.5 DCI 90 INTENS EDC,2013.0,27500,17450,,0,17500,1,43.694275,5.501843
572,1.2 TCE 120 ZEN EDC,2014.0,7000,18000,,0,16000,0,43.139901,5.847652
573,1.5 DCI 90 INTENS EDC,2014.0,10100,18500,,0,17500,0,43.206521,6.568811
574,1.5 DCI 90 BUSINESS EDC,2013.0,20710,16800,0422170191,1,17600,1,43.2926781,5.5676425
575,1.5 DCI 90 ENERGY S&S INTENS ECO2,2014.0,4500,18900,,1,17700,0,43.606476,5.7565929
576,1.5 DCI 90 BUSINESS EDC,2013.0,27785,16200,0422170191,1,17600,1,43.2926781,5.5676425
577,1.5 DCI 90 INTENS EDC,2014.0,8,18990,0442053000,1,17500,0,43.4745483,4.9143239
578,1.5 DCI 90 ENERGY S&S ZEN ECO2,2013.0,17233,16900,0422170181,1,16000,0,43.13824,5.9875844
579,1.5 DCI 90 INTENS EDC,2013.0,10700,19300,,0,17500,0,44.559638,6.079758
580,1.5 DCI 90 ENERGY ARIZONA ECO2,2014.0,20401,16900,0983671144,1,17100,1,43.451152,5.413875
581,0.9 TCE 90 ENERGY S&S INTENS ECO2,2013.0,3200,18000,,0,15500,0,43.433152,6.737034
582,1.5 DCI 90 INTENS EDC,2014.0,292,19125,,1,17500,0,43.206521,6.568811
583,1.2 TCE 120 ZEN EDC,2013.0,10171,16790,0669509220,1,16000,0,43.433152,6.737034
